Workbook

Sheet Lists
A1: Status | B1: Approval | C1: Operation | D1: Attempt Status | E1: Selected | F1: Provider | G1: Severity
A2: Not Started | B2: Pending | C2: Concept | D2: Queued | E2: No | F2: Manual Web App | G2: Critical
A3: Concept | B3: Rejected | C3: 3D Generation | D3: Running | E3: Yes | F3: API Meshy 6 | G3: Major
A4: Generating | B4: Rework | C4: Remesh | D4: Completed | F4: API Smart Topology | G4: Minor
A5: Post-processing | B5: Approved | C5: Retexture | D5: Failed | F5: External Concept
A6: Unity QA | C6: Rig | D6: Cancelled
A7: Approved | C7: Animation
A8: Blocked | C8: Convert

Sheet README
A1: IDLE MEDIEVAL LEGENDS — MESHY PRODUCTION TRACKER
A4: Passo | B4: Ação
A5: 1 | B5: Comece por B00_CALIBRATION.
A6: 2 | B6: Registre cada operação no Attempt Log.
A7: 3 | B7: Marque Selected = Yes apenas no candidato escolhido.
A8: 4 | B8: Ajuste as tarifas antes de iniciar um lote.
A9: 5 | B9: Não aplique pós-processamento em candidatos rejeitados.
A10: 6 | B10: Use o arquivo combinado do asset como roteiro.
A11: 7 | B11: Aprovação no Meshy não substitui QA no Unity.
A12: 8 | B12: Amplie o Attempt Log quando as 100 linhas iniciais forem usadas.

Sheet Settings & Rates
A1: CONFIGURAÇÃO DE CRÉDITOS
A4: Operação | B4: Créditos | C4: Uso
A5: Concept | B5: 0 | C5: 0 quando produzido fora do Meshy.
A6: 3D Generation | B6: 20 | C6: Manual; use 30 para API Meshy 6 texturizada.
A7: Remesh | B7: 5 | C7: Somente candidato selecionado.
A8: Retexture | B8: 10 | C8: Correção opcional.
A9: Rig | B9: 5 | C9: Somente personagem aprovado.
A10: Animation | B10: 3 | C10: Por animação; priorizar retargeting.
A13: rate_key | B13: operation | C13: profile | D13: credits | E13: unit | F13: verified_at | G13: source_url
A14: WEBAPP_FULL_3D | B14: Full Text/Image to 3D | C14: Manual Web App | D14: 20 | E14: per generation | F14: 2026-07-24 | G14: https://docs.meshy.ai/en/webapp/pricing
A15: API_IMAGE3D_MESHY6_TEXTURED | B15: Image/Multi-Image to 3D with texture | C15: API Meshy 6 | D15: 30 | E15: per call | F15: 2026-07-24 | G15: https://docs.meshy.ai/en/api/pricing
A16: REMESH | B16: Remesh | C16: Post-processing | D16: 5 | E16: per task | F16: 2026-07-24 | G16: https://docs.meshy.ai/en/api/pricing
A17: RETEXTURE | B17: Retexture | C17: Post-processing | D17: 10 | E17: per task | F17: 2026-07-24 | G17: https://docs.meshy.ai/en/api/pricing
A18: AUTO_RIG | B18: Auto-Rigging | C18: Post-processing | D18: 5 | E18: per character | F18: 2026-07-24 | G18: https://docs.meshy.ai/en/api/pricing
A19: ANIMATION | B19: Animation | C19: Post-processing | D19: 3 | E19: per animation | F19: 2026-07-24 | G19: https://docs.meshy.ai/en/api/pricing
A20: TEXT_IMAGE_HIGH | B20: Text to Image high fidelity | C20: Concept art | D20: 9 | E20: per image | F20: 2026-07-24 | G20: https://docs.meshy.ai/en/api/pricing

Sheet Asset Queue
A1: asset_id | B1: display_name_pt | C1: display_name_en | D1: source_task | E1: asset_group | F1: category | G1: subcategory | H1: phase | I1: priority | J1: batch_id | K1: generation_method | L1: source_art_required | M1: target_polycount | N1: texture_resolution | O1: rig_required | P1: animation_set | Q1: concept_prompt | R1: geometry_prompt | S1: texture_prompt | T1: concept_attempts_planned | U1: geometry_attempts_planned | V1: remesh_attempts_planned | W1: retexture_attempts_planned | X1: rig_attempts_planned | Y1: approval_criteria | Z1: unity_path | AA1: status | AB1: approval_status | AC1: planned_credits | AD1: actual_credits | AE1: variance | AF1: attempt_count | AG1: selected_score
A2: enemy_goblin_scavenger_001 | B2: Goblin Saqueador | C2: Goblin Scavenger | D2: Task016 | E2: Character | F2: Common Enemy | G2: Common | H2: Vertical Slice | I2: P0 | J2: B00_CALIBRATION | K2: Image to 3D | L2: Yes | M2: 4000 | N2: 1024×1024 | O2: Yes | P2: anim_enemy_goblin_melee | Q2: Prompts/Characters/ConceptArt/enemy_goblin_scavenger_001_concept_sheet.txt | R2: Prompts/Characters/Meshy/enemy_goblin_scavenger_001_meshy_character.txt | S2: Prompts/Characters/Texture/enemy_goblin_scavenger_001_texture.txt | T2: 2 | U2: 3 | V2: 1 | W2: 1 | X2: 1 | Y2: Reads as lowest-tier scavenger; remains threatening rather than adorable; backpack and ears create silhouette; feet and hands are riggable; no prop intersects elbow range. | Z2: Assets/_Game/Art/Characters/enemy_goblin_scavenger_001 | AA2: Not Started | AB2: Pending | AC2: =T2*'Settings & Rates'!$B$5+U2*'Settings & Rates'!$B$6+V2*'Settings & Rates'!$B$7+W2*'Settings & Rates'!$B$8+X2*'Settings & Rates'!$B$9 -> 80 | AD2: =SUMIF('Attempt Log'!$B$2:$B$101,A2,'Attempt Log'!$K$2:$K$101) -> 0 | AE2: =AD2-AC2 -> -80 | AF2: =COUNTIF('Attempt Log'!$B$2:$B$101,A2) -> 0 | AG2: =IFERROR(SUMIFS('Attempt Log'!$U$2:$U$101,'Attempt Log'!$B$2:$B$101,A2,'Attempt Log'!$N$2:$N$101,"Yes")/COUNTIFS('Attempt Log'!$B$2:$B$101,A2,'Attempt Log'!$N$2:$N$101,"Yes"),0) -> 0
A3: env_goblin_mine_goblin_crate_001 | B3: Caixote Goblin | C3: Goblin Crate | D3: Task018 | E3: Environment | F3: Environment | G3: prop | H3: Vertical Slice | I3: P0 | J3: B00_CALIBRATION | K3: Text to 3D | L3: Optional | M3: 575 | N3: 1024x1024 | O3: No | P3: None | Q3: Prompts/EnvironmentStations/ConceptArt/env_goblin_mine_goblin_crate_001_concept_sheet.txt | R3: Prompts/EnvironmentStations/Meshy/env_goblin_mine_goblin_crate_001_geometry.txt | S3: Prompts/EnvironmentStations/Texture/env_goblin_mine_goblin_crate_001_texture.txt | T3: 1 | U3: 3 | V3: 1 | W3: 1 | X3: 0 | Y3: Silhouette readable; correct scale; grid/pivot compliance; material separation; no baked VFX; LOD budget met; mobile camera test passed | Z3: Assets/_Game/Art/Environments/goblin_mine/Models | AA3: Not Started | AB3: Pending | AC3: =T3*'Settings & Rates'!$B$5+U3*'Settings & Rates'!$B$6+V3*'Settings & Rates'!$B$7+W3*'Settings & Rates'!$B$8+X3*'Settings & Rates'!$B$9 -> 75 | AD3: =SUMIF('Attempt Log'!$B$2:$B$101,A3,'Attempt Log'!$K$2:$K$101) -> 0 | AE3: =AD3-AC3 -> -75 | AF3: =COUNTIF('Attempt Log'!$B$2:$B$101,A3) -> 0 | AG3: =IFERROR(SUMIFS('Attempt Log'!$U$2:$U$101,'Attempt Log'!$B$2:$B$101,A3,'Attempt Log'!$N$2:$N$101,"Yes")/COUNTIFS('Attempt Log'!$B$2:$B$101,A3,'Attempt Log'!$N$2:$N$101,"Yes"),0) -> 0
A4: equipment_sword_1h_t01_base | B4: Espada de Uma Mão T1 | C4: One-Handed Sword T1 | D4: Task017 | E4: Equipment | F4: Weapon | G4: sword_1h | H4: Vertical Slice | I4: P0 | J4: B00_CALIBRATION | K4: Text to 3D | L4: Optional | M4: 2000 | N4: 1024 | O4: No | P4: None | Q4: Prompts/Equipment/ConceptArt/equipment_sword_1h_t01_base_concept_sheet.txt | R4: Prompts/Equipment/Meshy/BaseGeometry/equipment_sword_1h_t01_base_geometry.txt | S4: Prompts/Equipment/TextureVariants/equipment_sword_1h_t01_base_rarity_variants.txt | T4: 1 | U4: 3 | V4: 1 | W4: 1 | X4: 0 | Y4: readable at inventory scale; tier identity clear without UI; all six rarity variants preserve family; pivot and scale correct; no fragile geometry; URP PBR maps valid | Z4: Assets/_Game/Art/Equipment/Weapon/sword_1h/T1/Models | AA4: Not Started | AB4: Pending | AC4: =T4*'Settings & Rates'!$B$5+U4*'Settings & Rates'!$B$6+V4*'Settings & Rates'!$B$7+W4*'Settings & Rates'!$B$8+X4*'Settings & Rates'!$B$9 -> 75 | AD4: =SUMIF('Attempt Log'!$B$2:$B$101,A4,'Attempt Log'!$K$2:$K$101) -> 0 | AE4: =AD4-AC4 -> -75 | AF4: =COUNTIF('Attempt Log'!$B$2:$B$101,A4) -> 0 | AG4: =IFERROR(SUMIFS('Attempt Log'!$U$2:$U$101,'Attempt Log'!$B$2:$B$101,A4,'Attempt Log'!$N$2:$N$101,"Yes")/COUNTIFS('Attempt Log'!$B$2:$B$101,A4,'Attempt Log'!$N$2:$N$101,"Yes"),0) -> 0
A5: hero_paladin_001 | B5: Paladino | C5: Paladin | D5: Task016 | E5: Character | F5: Playable Hero | G5: Hero | H5: Vertical Slice | I5: P0 | J5: B00_CALIBRATION | K5: Multi-view Image to 3D | L5: Yes | M5: 6500 | N5: 2048×2048 | O5: Yes | P5: anim_hero_tank_humanoid | Q5: Prompts/Characters/ConceptArt/hero_paladin_001_concept_sheet.txt | R5: Prompts/Characters/Meshy/hero_paladin_001_meshy_character.txt | S5: Prompts/Characters/Texture/hero_paladin_001_texture.txt | T5: 3 | U5: 4 | V5: 1 | W5: 1 | X5: 1 | Y5: Recognizable as tank at 128 px; head unobstructed; shield does not hide the entire torso; sword and shield detachable; limbs deform cleanly; no thin floating filigree; palette matches approved swatches. | Z5: Assets/_Game/Art/Characters/hero_paladin_001 | AA5: Not Started | AB5: Pending | AC5: =T5*'Settings & Rates'!$B$5+U5*'Settings & Rates'!$B$6+V5*'Settings & Rates'!$B$7+W5*'Settings & Rates'!$B$8+X5*'Settings & Rates'!$B$9 -> 100 | AD5: =SUMIF('Attempt Log'!$B$2:$B$101,A5,'Attempt Log'!$K$2:$K$101) -> 0 | AE5: =AD5-AC5 -> -100 | AF5: =COUNTIF('Attempt Log'!$B$2:$B$101,A5) -> 0 | AG5: =IFERROR(SUMIFS('Attempt Log'!$U$2:$U$101,'Attempt Log'!$B$2:$B$101,A5,'Attempt Log'!$N$2:$N$101,"Yes")/COUNTIFS('Attempt Log'!$B$2:$B$101,A5,'Attempt Log'!$N$2:$N$101,"Yes"),0) -> 0
A6: station_blacksmith_t01_001 | B6: Forja T1 | C6: Forge T1 | D6: Task018 | E6: Station | F6: Crafting Station | G6: Blacksmith | H6: Vertical Slice | I6: P0 | J6: B00_CALIBRATION | K6: Text to 3D | L6: Optional | M6: 5250 | N6: 1024x1024 | O6: No | P6: anim_station_blacksmith | Q6: Prompts/EnvironmentStations/ConceptArt/station_blacksmith_t01_001_concept_sheet.txt | R6: Prompts/EnvironmentStations/Meshy/station_blacksmith_t01_001_geometry.txt | S6: Prompts/EnvironmentStations/Texture/station_blacksmith_t01_001_texture.txt | T6: 2 | U6: 3 | V6: 1 | W6: 1 | X6: 0 | Y6: Profession readable without UI; Tier milestone visible; work zone clear; sockets valid; no baked animation/VFX; LOD budget met; 3/4 camera test passed | Z6: Assets/_Game/Art/Crafting/Stations/Blacksmith/T1 | AA6: Not Started | AB6: Pending | AC6: =T6*'Settings & Rates'!$B$5+U6*'Settings & Rates'!$B$6+V6*'Settings & Rates'!$B$7+W6*'Settings & Rates'!$B$8+X6*'Settings & Rates'!$B$9 -> 75 | AD6: =SUMIF('Attempt Log'!$B$2:$B$101,A6,'Attempt Log'!$K$2:$K$101) -> 0 | AE6: =AD6-AC6 -> -75 | AF6: =COUNTIF('Attempt Log'!$B$2:$B$101,A6) -> 0 | AG6: =IFERROR(SUMIFS('Attempt Log'!$U$2:$U$101,'Attempt Log'!$B$2:$B$101,A6,'Attempt Log'!$N$2:$N$101,"Yes")/COUNTIFS('Attempt Log'!$B$2:$B$101,A6,'Attempt Log'!$N$2:$N$101,"Yes"),0) -> 0
A7: hero_archer_001 | B7: Arqueira | C7: Archer | D7: Task016 | E7: Character | F7: Playable Hero | G7: Hero | H7: Vertical Slice | I7: P0 | J7: B01_HEROES | K7: Multi-view Image to 3D | L7: Yes | M7: 6500 | N7: 2048×2048 | O7: Yes | P7: anim_hero_ranged_humanoid | Q7: Prompts/Characters/ConceptArt/hero_archer_001_concept_sheet.txt | R7: Prompts/Characters/Meshy/hero_archer_001_meshy_character.txt | S7: Prompts/Characters/Texture/hero_archer_001_texture.txt | T7: 3 | U7: 4 | V7: 1 | W7: 1 | X7: 1 | Y7: Recognizable as ranged hero at 128 px; bow is thick enough for mobile silhouette; shoulders and elbows have clear deformation space; quiver does not intersect cape; outfit remains practical and non-sexualized. | Z7: Assets/_Game/Art/Characters/hero_archer_001 | AA7: Not Started | AB7: Pending | AC7: =T7*'Settings & Rates'!$B$5+U7*'Settings & Rates'!$B$6+V7*'Settings & Rates'!$B$7+W7*'Settings & Rates'!$B$8+X7*'Settings & Rates'!$B$9 -> 100 | AD7: =SUMIF('Attempt Log'!$B$2:$B$101,A7,'Attempt Log'!$K$2:$K$101) -> 0 | AE7: =AD7-AC7 -> -100 | AF7: =COUNTIF('Attempt Log'!$B$2:$B$101,A7) -> 0 | AG7: =IFERROR(SUMIFS('Attempt Log'!$U$2:$U$101,'Attempt Log'!$B$2:$B$101,A7,'Attempt Log'!$N$2:$N$101,"Yes")/COUNTIFS('Attempt Log'!$B$2:$B$101,A7,'Attempt Log'!$N$2:$N$101,"Yes"),0) -> 0
A8: hero_mage_001 | B8: Mago | C8: Mage | D8: Task016 | E8: Character | F8: Playable Hero | G8: Hero | H8: Vertical Slice | I8: P0 | J8: B01_HEROES | K8: Multi-view Image to 3D | L8: Yes | M8: 6500 | N8: 2048×2048 | O8: Yes | P8: anim_hero_caster_humanoid | Q8: Prompts/Characters/ConceptArt/hero_mage_001_concept_sheet.txt | R8: Prompts/Characters/Meshy/hero_mage_001_meshy_character.txt | S8: Prompts/Characters/Texture/hero_mage_001_texture.txt | T8: 3 | U8: 4 | V8: 1 | W8: 1 | X8: 1 | Y8: Readable caster silhouette at 128 px; staff crystal is clear focal point; cloth has rig-safe splits; emission remains under 10% of visible surface; no floating pieces required to understand the model. | Z8: Assets/_Game/Art/Characters/hero_mage_001 | AA8: Not Started | AB8: Pending | AC8: =T8*'Settings & Rates'!$B$5+U8*'Settings & Rates'!$B$6+V8*'Settings & Rates'!$B$7+W8*'Settings & Rates'!$B$8+X8*'Settings & Rates'!$B$9 -> 100 | AD8: =SUMIF('Attempt Log'!$B$2:$B$101,A8,'Attempt Log'!$K$2:$K$101) -> 0 | AE8: =AD8-AC8 -> -100 | AF8: =COUNTIF('Attempt Log'!$B$2:$B$101,A8) -> 0 | AG8: =IFERROR(SUMIFS('Attempt Log'!$U$2:$U$101,'Attempt Log'!$B$2:$B$101,A8,'Attempt Log'!$N$2:$N$101,"Yes")/COUNTIFS('Attempt Log'!$B$2:$B$101,A8,'Attempt Log'!$N$2:$N$101,"Yes"),0) -> 0
A9: enemy_goblin_archer_001 | B9: Arqueiro Goblin | C9: Goblin Archer | D9: Task016 | E9: Character | F9: Common Enemy | G9: Common | H9: Vertical Slice | I9: P0 | J9: B02_GOBLIN_COMMONS | K9: Image to 3D | L9: Yes | M9: 4000 | N9: 1024×1024 | O9: Yes | P9: anim_enemy_goblin_ranged | Q9: Prompts/Characters/ConceptArt/enemy_goblin_archer_001_concept_sheet.txt | R9: Prompts/Characters/Meshy/enemy_goblin_archer_001_meshy_character.txt | S9: Prompts/Characters/Texture/enemy_goblin_archer_001_texture.txt | T9: 2 | U9: 3 | V9: 1 | W9: 1 | X9: 1 | Y9: Distinct from Ranger through lower complexity and shortbow scale; clear draw-arm space; quiver avoids shoulder clipping; remains readable at battle camera distance. | Z9: Assets/_Game/Art/Characters/enemy_goblin_archer_001 | AA9: Not Started | AB9: Pending | AC9: =T9*'Settings & Rates'!$B$5+U9*'Settings & Rates'!$B$6+V9*'Settings & Rates'!$B$7+W9*'Settings & Rates'!$B$8+X9*'Settings & Rates'!$B$9 -> 80 | AD9: =SUMIF('Attempt Log'!$B$2:$B$101,A9,'Attempt Log'!$K$2:$K$101) -> 0 | AE9: =AD9-AC9 -> -80 | AF9: =COUNTIF('Attempt Log'!$B$2:$B$101,A9) -> 0 | AG9: =IFERROR(SUMIFS('Attempt Log'!$U$2:$U$101,'Attempt Log'!$B$2:$B$101,A9,'Attempt Log'!$N$2:$N$101,"Yes")/COUNTIFS('Attempt Log'!$B$2:$B$101,A9,'Attempt Log'!$N$2:$N$101,"Yes"),0) -> 0
A10: enemy_goblin_shaman_001 | B10: Xamã Goblin | C10: Goblin Shaman | D10: Task016 | E10: Character | F10: Special Enemy | G10: Special | H10: Vertical Slice | I10: P0 | J10: B02_GOBLIN_COMMONS | K10: Image to 3D | L10: Yes | M10: 4500 | N10: 1024×1024 | O10: Yes | P10: anim_enemy_goblin_caster | Q10: Prompts/Characters/ConceptArt/enemy_goblin_shaman_001_concept_sheet.txt | R10: Prompts/Characters/Meshy/enemy_goblin_shaman_001_meshy_character.txt | S10: Prompts/Characters/Texture/enemy_goblin_shaman_001_texture.txt | T10: 2 | U10: 3 | V10: 1 | W10: 1 | X10: 1 | Y10: Caster role readable without VFX; staff remains primary focal point; accessories do not create fragile geometry; silhouette differs from High Shaman through lower height and simpler maskless head. | Z10: Assets/_Game/Art/Characters/enemy_goblin_shaman_001 | AA10: Not Started | AB10: Pending | AC10: =T10*'Settings & Rates'!$B$5+U10*'Settings & Rates'!$B$6+V10*'Settings & Rates'!$B$7+W10*'Settings & Rates'!$B$8+X10*'Settings & Rates'!$B$9 -> 80 | AD10: =SUMIF('Attempt Log'!$B$2:$B$101,A10,'Attempt Log'!$K$2:$K$101) -> 0 | AE10: =AD10-AC10 -> -80 | AF10: =COUNTIF('Attempt Log'!$B$2:$B$101,A10) -> 0 | AG10: =IFERROR(SUMIFS('Attempt Log'!$U$2:$U$101,'Attempt Log'!$B$2:$B$101,A10,'Attempt Log'!$N$2:$N$101,"Yes")/COUNTIFS('Attempt Log'!$B$2:$B$101,A10,'Attempt Log'!$N$2:$N$101,"Yes"),0) -> 0
A11: enemy_goblin_warrior_001 | B11: Guerreiro Goblin | C11: Goblin Warrior | D11: Task016 | E11: Character | F11: Common Enemy | G11: Common | H11: Vertical Slice | I11: P0 | J11: B02_GOBLIN_COMMONS | K11: Image to 3D | L11: Yes | M11: 4000 | N11: 1024×1024 | O11: Yes | P11: anim_enemy_goblin_melee | Q11: Prompts/Characters/ConceptArt/enemy_goblin_warrior_001_concept_sheet.txt | R11: Prompts/Characters/Meshy/enemy_goblin_warrior_001_meshy_character.txt | S11: Prompts/Characters/Texture/enemy_goblin_warrior_001_texture.txt | T11: 2 | U11: 3 | V11: 1 | W11: 1 | X11: 1 | Y11: Clearly stronger than Scavenger but below elites; shield side remains readable; armor is improvised; face and ears visible; weapon sockets align with animation set. | Z11: Assets/_Game/Art/Characters/enemy_goblin_warrior_001 | AA11: Not Started | AB11: Pending | AC11: =T11*'Settings & Rates'!$B$5+U11*'Settings & Rates'!$B$6+V11*'Settings & Rates'!$B$7+W11*'Settings & Rates'!$B$8+X11*'Settings & Rates'!$B$9 -> 80 | AD11: =SUMIF('Attempt Log'!$B$2:$B$101,A11,'Attempt Log'!$K$2:$K$101) -> 0 | AE11: =AD11-AC11 -> -80 | AF11: =COUNTIF('Attempt Log'!$B$2:$B$101,A11) -> 0 | AG11: =IFERROR(SUMIFS('Attempt Log'!$U$2:$U$101,'Attempt Log'!$B$2:$B$101,A11,'Attempt Log'!$N$2:$N$101,"Yes")/COUNTIFS('Attempt Log'!$B$2:$B$101,A11,'Attempt Log'!$N$2:$N$101,"Yes"),0) -> 0
A12: boss_goblin_chieftain_001 | B12: Chefe Goblin | C12: Goblin Chieftain | D12: Task016 | E12: Character | F12: Mid-Boss | G12: Mid-Boss | H12: Vertical Slice | I12: P0 | J12: B03_GOBLIN_ELITES_BOSSES | K12: Multi-view Image to 3D | L12: Yes | M12: 7500 | N12: 2048×2048 | O12: Yes | P12: anim_boss_goblin_chieftain | Q12: Prompts/Characters/ConceptArt/boss_goblin_chieftain_001_concept_sheet.txt | R12: Prompts/Characters/Meshy/boss_goblin_chieftain_001_meshy_character.txt | S12: Prompts/Characters/Texture/boss_goblin_chieftain_001_texture.txt | T12: 3 | U12: 4 | V12: 1 | W12: 1 | X12: 1 | Y12: Immediately reads as mid-boss and commander; at least 20% larger than common goblins; limbs remain animation-friendly; trophies are chunky and limited; does not visually surpass Goblin King. | Z12: Assets/_Game/Art/Characters/boss_goblin_chieftain_001 | AA12: Not Started | AB12: Pending | AC12: =T12*'Settings & Rates'!$B$5+U12*'Settings & Rates'!$B$6+V12*'Settings & Rates'!$B$7+W12*'Settings & Rates'!$B$8+X12*'Settings & Rates'!$B$9 -> 100 | AD12: =SUMIF('Attempt Log'!$B$2:$B$101,A12,'Attempt Log'!$K$2:$K$101) -> 0 | AE12: =AD12-AC12 -> -100 | AF12: =COUNTIF('Attempt Log'!$B$2:$B$101,A12) -> 0 | AG12: =IFERROR(SUMIFS('Attempt Log'!$U$2:$U$101,'Attempt Log'!$B$2:$B$101,A12,'Attempt Log'!$N$2:$N$101,"Yes")/COUNTIFS('Attempt Log'!$B$2:$B$101,A12,'Attempt Log'!$N$2:$N$101,"Yes"),0) -> 0
A13: boss_goblin_king_001 | B13: Rei Goblin | C13: Goblin King | D13: Task016 | E13: Character | F13: Final Boss | G13: Final Boss | H13: Vertical Slice | I13: P0 | J13: B03_GOBLIN_ELITES_BOSSES | K13: Multi-view Image to 3D | L13: Yes | M13: 11500 | N13: 2048×2048 | O13: Yes | P13: anim_boss_goblin_king | Q13: Prompts/Characters/ConceptArt/boss_goblin_king_001_concept_sheet.txt | R13: Prompts/Characters/Meshy/boss_goblin_king_001_meshy_character.txt | S13: Prompts/Characters/Texture/boss_goblin_king_001_texture.txt | T13: 3 | U13: 4 | V13: 1 | W13: 1 | X13: 1 | Y13: Dominates all goblin silhouettes without becoming an orc; 35–45% larger than common goblins; crown, blade and relic remain distinct; supports multi-phase animation; emission communicates corruption without erasing material readability. | Z13: Assets/_Game/Art/Characters/boss_goblin_king_001 | AA13: Not Started | AB13: Pending | AC13: =T13*'Settings & Rates'!$B$5+U13*'Settings & Rates'!$B$6+V13*'Settings & Rates'!$B$7+W13*'Settings & Rates'!$B$8+X13*'Settings & Rates'!$B$9 -> 100 | AD13: =SUMIF('Attempt Log'!$B$2:$B$101,A13,'Attempt Log'!$K$2:$K$101) -> 0 | AE13: =AD13-AC13 -> -100 | AF13: =COUNTIF('Attempt Log'!$B$2:$B$101,A13) -> 0 | AG13: =IFERROR(SUMIFS('Attempt Log'!$U$2:$U$101,'Attempt Log'!$B$2:$B$101,A13,'Attempt Log'!$N$2:$N$101,"Yes")/COUNTIFS('Attempt Log'!$B$2:$B$101,A13,'Attempt Log'!$N$2:$N$101,"Yes"),0) -> 0
... A260: env_infernal_fortress_spike_barricade_001 | B260: Barricada de Espinhos | C260: Spike Barricade | D260: Task018 | E260: Environment | F260: Environment | G260: prop | H260: Season 1 - Arc 3 | I260: P1 | J260: B24_INFERNAL_ENV_PROPS | K260: Text to 3D | L260: Optional | M260: 1950 | N260: 1024x1024 | O260: No | P260: None | Q260: Prompts/EnvironmentStations/ConceptArt/env_infernal_fortress_spike_barricade_001_concept_sheet.txt | R260: Prompts/EnvironmentStations/Meshy/env_infernal_fortress_spike_barricade_001_geometry.txt | S260: Prompts/EnvironmentStations/Texture/env_infernal_fortress_spike_barricade_001_texture.txt | T260: 1 | U260: 2 | V260: 1 | W260: 1 | X260: 0 | Y260: Silhouette readable; correct scale; grid/pivot compliance; material separation; no baked VFX; LOD budget met; mobile camera test passed | Z260: Assets/_Game/Art/Environments/infernal_fortress/Models | AA260: Not Started | AB260: Pending | AC260: =T260*'Settings & Rates'!$B$5+U260*'Settings & Rates'!$B$6+V260*'Settings & Rates'!$B$7+W260*'Settings & Rates'!$B$8+X260*'Settings & Rates'!$B$9 -> 55 | AD260: =SUMIF('Attempt Log'!$B$2:$B$101,A260,'Attempt Log'!$K$2:$K$101) -> 0 | AE260: =AD260-AC260 -> -55 | AF260: =COUNTIF('Attempt Log'!$B$2:$B$101,A260) -> 0 | AG260: =IFERROR(SUMIFS('Attempt Log'!$U$2:$U$101,'Attempt Log'!$B$2:$B$101,A260,'Attempt Log'!$N$2:$N$101,"Yes")/COUNTIFS('Attempt Log'!$B$2:$B$101,A260,'Attempt Log'!$N$2:$N$101,"Yes"),0) -> 0

Sheet Attempt Log
A1: attempt_id | B1: asset_id | C1: batch_id | D1: operation | E1: provider | F1: model | G1: candidate_index | H1: task_id | I1: started_at | J1: completed_at | K1: credits_used | L1: status | M1: output_path | N1: selected | O1: silhouette | P1: style | Q1: geometry | R1: texture | S1: technical | T1: mobile_readability | U1: total_score | V1: rejection_reason | W1: reviewer | X1: notes
U2: =SUM(O2:T2) -> 0
U3: =SUM(O3:T3) -> 0
U4: =SUM(O4:T4) -> 0
U5: =SUM(O5:T5) -> 0
U6: =SUM(O6:T6) -> 0
U7: =SUM(O7:T7) -> 0
U8: =SUM(O8:T8) -> 0
U9: =SUM(O9:T9) -> 0
U10: =SUM(O10:T10) -> 0
U11: =SUM(O11:T11) -> 0
U12: =SUM(O12:T12) -> 0
U13: =SUM(O13:T13) -> 0
... U101: =SUM(O101:T101) -> 0

Sheet Batch Plan
A1: batch_id | B1: sequence | C1: batch_name | D1: phase | E1: priority | F1: asset_count | G1: manual_webapp_planned_credits | H1: api_meshy6_high_quality_planned_credits | I1: entry_gate | J1: exit_gate | K1: status | L1: actual_credits | M1: approved_assets | N1: approval_rate | O1: variance
A2: B00_CALIBRATION | B2: 1 | C2: Calibração do pipeline | D2: Vertical Slice | E2: P0 | F2: 5 | G2: 405 | H2: 646 | I2: Source prompts and Visual Bible available | J2: 80% approved; blockers documented; Unity sample validated | K2: Not Started | L2: =SUMIF('Asset Queue'!$J$2:$J$260,A2,'Asset Queue'!$AD$2:$AD$260) -> 0 | M2: =COUNTIFS('Asset Queue'!$J$2:$J$260,A2,'Asset Queue'!$AB$2:$AB$260,"Approved") -> 0 | N2: =IFERROR(M2/F2,0) -> 0 | O2: =L2-G2 -> -405
A3: B01_HEROES | B3: 2 | C3: Heróis restantes | D3: Vertical Slice | E3: P0 | F3: 2 | G3: 200 | H3: 334 | I3: Previous batch approved | J3: 80% approved; blockers documented; Unity sample validated | K3: Not Started | L3: =SUMIF('Asset Queue'!$J$2:$J$260,A3,'Asset Queue'!$AD$2:$AD$260) -> 0 | M3: =COUNTIFS('Asset Queue'!$J$2:$J$260,A3,'Asset Queue'!$AB$2:$AB$260,"Approved") -> 0 | N3: =IFERROR(M3/F3,0) -> 0 | O3: =L3-G3 -> -200
A4: B02_GOBLIN_COMMONS | B4: 3 | C4: Goblins comuns | D4: Vertical Slice | E4: P0 | F4: 3 | G4: 240 | H4: 384 | I4: Previous batch approved | J4: 80% approved; blockers documented; Unity sample validated | K4: Not Started | L4: =SUMIF('Asset Queue'!$J$2:$J$260,A4,'Asset Queue'!$AD$2:$AD$260) -> 0 | M4: =COUNTIFS('Asset Queue'!$J$2:$J$260,A4,'Asset Queue'!$AB$2:$AB$260,"Approved") -> 0 | N4: =IFERROR(M4/F4,0) -> 0 | O4: =L4-G4 -> -240
A5: B03_GOBLIN_ELITES_BOSSES | B5: 4 | C5: Elites e chefes Goblins | D5: Vertical Slice | E5: P0 | F5: 5 | G5: 500 | H5: 835 | I5: Previous batch approved | J5: 80% approved; blockers documented; Unity sample validated | K5: Not Started | L5: =SUMIF('Asset Queue'!$J$2:$J$260,A5,'Asset Queue'!$AD$2:$AD$260) -> 0 | M5: =COUNTIFS('Asset Queue'!$J$2:$J$260,A5,'Asset Queue'!$AB$2:$AB$260,"Approved") -> 0 | N5: =IFERROR(M5/F5,0) -> 0 | O5: =L5-G5 -> -500
A6: B04_T1_WEAPONS_ACCESSORIES | B6: 5 | C6: Armas e acessórios T1 | D6: Vertical Slice | E6: P0 | F6: 5 | G6: 375 | H6: 570 | I6: Previous batch approved | J6: 80% approved; blockers documented; Unity sample validated | K6: Not Started | L6: =SUMIF('Asset Queue'!$J$2:$J$260,A6,'Asset Queue'!$AD$2:$AD$260) -> 0 | M6: =COUNTIFS('Asset Queue'!$J$2:$J$260,A6,'Asset Queue'!$AB$2:$AB$260,"Approved") -> 0 | N6: =IFERROR(M6/F6,0) -> 0 | O6: =L6-G6 -> -375
A7: B05_T1_ARMOR | B7: 6 | C7: Armaduras T1 | D7: Vertical Slice | E7: P0 | F7: 12 | G7: 900 | H7: 1476 | I7: Previous batch approved | J7: 80% approved; blockers documented; Unity sample validated | K7: Not Started | L7: =SUMIF('Asset Queue'!$J$2:$J$260,A7,'Asset Queue'!$AD$2:$AD$260) -> 0 | M7: =COUNTIFS('Asset Queue'!$J$2:$J$260,A7,'Asset Queue'!$AB$2:$AB$260,"Approved") -> 0 | N7: =IFERROR(M7/F7,0) -> 0 | O7: =L7-G7 -> -900
A8: B06_STATIONS_T1 | B8: 7 | C8: Estações T1 | D8: Vertical Slice | E8: P0 | F8: 4 | G8: 300 | H8: 492 | I8: Previous batch approved | J8: 80% approved; blockers documented; Unity sample validated | K8: Not Started | L8: =SUMIF('Asset Queue'!$J$2:$J$260,A8,'Asset Queue'!$AD$2:$AD$260) -> 0 | M8: =COUNTIFS('Asset Queue'!$J$2:$J$260,A8,'Asset Queue'!$AB$2:$AB$260,"Approved") -> 0 | N8: =IFERROR(M8/F8,0) -> 0 | O8: =L8-G8 -> -300
A9: B07_GOBLIN_ENV_CORE | B9: 8 | C9: Kit Goblin — núcleo | D9: Vertical Slice | E9: P0 | F9: 8 | G9: 600 | H9: 948 | I9: Previous batch approved | J9: 80% approved; blockers documented; Unity sample validated | K9: Not Started | L9: =SUMIF('Asset Queue'!$J$2:$J$260,A9,'Asset Queue'!$AD$2:$AD$260) -> 0 | M9: =COUNTIFS('Asset Queue'!$J$2:$J$260,A9,'Asset Queue'!$AB$2:$AB$260,"Approved") -> 0 | N9: =IFERROR(M9/F9,0) -> 0 | O9: =L9-G9 -> -600
A10: B08_EQUIPMENT_T2 | B10: 9 | C10: Equipamentos T2 | D10: MVP | E10: P1 | F10: 18 | G10: 990 | H10: 1620 | I10: Previous batch approved | J10: 80% approved; blockers documented; Unity sample validated | K10: Not Started | L10: =SUMIF('Asset Queue'!$J$2:$J$260,A10,'Asset Queue'!$AD$2:$AD$260) -> 0 | M10: =COUNTIFS('Asset Queue'!$J$2:$J$260,A10,'Asset Queue'!$AB$2:$AB$260,"Approved") -> 0 | N10: =IFERROR(M10/F10,0) -> 0 | O10: =L10-G10 -> -990
A11: B09_EQUIPMENT_T3 | B11: 10 | C11: Equipamentos T3 | D11: MVP | E11: P1 | F11: 18 | G11: 990 | H11: 1620 | I11: Previous batch approved | J11: 80% approved; blockers documented; Unity sample validated | K11: Not Started | L11: =SUMIF('Asset Queue'!$J$2:$J$260,A11,'Asset Queue'!$AD$2:$AD$260) -> 0 | M11: =COUNTIFS('Asset Queue'!$J$2:$J$260,A11,'Asset Queue'!$AB$2:$AB$260,"Approved") -> 0 | N11: =IFERROR(M11/F11,0) -> 0 | O11: =L11-G11 -> -990
A12: B10_EQUIPMENT_T4 | B12: 11 | C12: Equipamentos T4 | D12: Season 1 | E12: P2 | F12: 18 | G12: 990 | H12: 1620 | I12: Previous batch approved | J12: 80% approved; blockers documented; Unity sample validated | K12: Not Started | L12: =SUMIF('Asset Queue'!$J$2:$J$260,A12,'Asset Queue'!$AD$2:$AD$260) -> 0 | M12: =COUNTIFS('Asset Queue'!$J$2:$J$260,A12,'Asset Queue'!$AB$2:$AB$260,"Approved") -> 0 | N12: =IFERROR(M12/F12,0) -> 0 | O12: =L12-G12 -> -990
A13: B11_EQUIPMENT_T5 | B13: 12 | C13: Equipamentos T5 | D13: Season 1 | E13: P2 | F13: 18 | G13: 990 | H13: 1620 | I13: Previous batch approved | J13: 80% approved; blockers documented; Unity sample validated | K13: Not Started | L13: =SUMIF('Asset Queue'!$J$2:$J$260,A13,'Asset Queue'!$AD$2:$AD$260) -> 0 | M13: =COUNTIFS('Asset Queue'!$J$2:$J$260,A13,'Asset Queue'!$AB$2:$AB$260,"Approved") -> 0 | N13: =IFERROR(M13/F13,0) -> 0 | O13: =L13-G13 -> -990
... A26: B24_INFERNAL_ENV_PROPS | B26: 25 | C26: Fortaleza Infernal — props | D26: Season 1 - Arc 3 | E26: P1 | F26: 12 | G26: 660 | H26: 1062 | I26: Previous batch approved | J26: 80% approved; blockers documented; Unity sample validated | K26: Not Started | L26: =SUMIF('Asset Queue'!$J$2:$J$260,A26,'Asset Queue'!$AD$2:$AD$260) -> 0 | M26: =COUNTIFS('Asset Queue'!$J$2:$J$260,A26,'Asset Queue'!$AB$2:$AB$260,"Approved") -> 0 | N26: =IFERROR(M26/F26,0) -> 0 | O26: =L26-G26 -> -660

Sheet Prompt Manifest
A1: prompt_id | B1: domain | C1: prompt_type | D1: path | E1: characters | F1: words | G1: sha256
A2: c9ef92517af9 | B2: Character | C2: Concept | D2: Prompts/Characters/ConceptArt/boss_goblin_chieftain_001_concept_sheet.txt | E2: 3294 | F2: 460 | G2: 255a0fbbc48775584ea65ec72c71e27ee425e3c79259bae19c4e99fde1af9ac0
A3: 892a26e435ea | B3: Character | C3: Concept | D3: Prompts/Characters/ConceptArt/boss_goblin_king_001_concept_sheet.txt | E3: 3701 | F3: 512 | G3: ccb6b3583a567b217c671e4e6545d0fc41c15f6f2c84bb8f3f35c04072dab9d0
A4: da928a4f5ba1 | B4: Character | C4: Concept | D4: Prompts/Characters/ConceptArt/enemy_goblin_archer_001_concept_sheet.txt | E4: 3079 | F4: 422 | G4: fc87050c35f868d6c569043ffecd4ca9cc973e2e8aef0e64fbaf59daf038381c
A5: 5c4d3aecb882 | B5: Character | C5: Concept | D5: Prompts/Characters/ConceptArt/enemy_goblin_high_shaman_001_concept_sheet.txt | E5: 3418 | F5: 473 | G5: 8889044aafc16cfe517d8af92ba01650fa5dd11a5288e849e98897b3d29dee6f
A6: a9d5ca9106b0 | B6: Character | C6: Concept | D6: Prompts/Characters/ConceptArt/enemy_goblin_ranger_001_concept_sheet.txt | E6: 3138 | F6: 435 | G6: f030598dd3d5f437cdf27a514bc9b1b3d12470759babf7d3139f43d4cbae2605
A7: b5f81642961b | B7: Character | C7: Concept | D7: Prompts/Characters/ConceptArt/enemy_goblin_scavenger_001_concept_sheet.txt | E7: 3176 | F7: 443 | G7: 55745f52bc14e281fbe8c7cb224ce22231f551cba479d9665edf1f85b1bcff09
A8: eb6d41ed5138 | B8: Character | C8: Concept | D8: Prompts/Characters/ConceptArt/enemy_goblin_shaman_001_concept_sheet.txt | E8: 3204 | F8: 448 | G8: dae9abff6daac0cde8d297413e799e9f9b1d664505468285ebf73c550e154175
A9: 0ef3f330d7d6 | B9: Character | C9: Concept | D9: Prompts/Characters/ConceptArt/enemy_goblin_warrior_001_concept_sheet.txt | E9: 3140 | F9: 432 | G9: 6ae8b0225337bd1520a428fde379af810fe9c4683a483736c1d343512a0ab21d
A10: 21339c8ca3d8 | B10: Character | C10: Concept | D10: Prompts/Characters/ConceptArt/enemy_hobgoblin_knight_001_concept_sheet.txt | E10: 3128 | F10: 426 | G10: 45599a2f2fac5066674265ff6481479dae8fca5dcd0b9f6d146c601035e5dc61
A11: 973290e0dba6 | B11: Character | C11: Concept | D11: Prompts/Characters/ConceptArt/hero_archer_001_concept_sheet.txt | E11: 3317 | F11: 460 | G11: b3d568317f734da7b6e7910c13aa0acecac9aff3c8369ee58da61ad3d4367530
A12: 335efabab84a | B12: Character | C12: Concept | D12: Prompts/Characters/ConceptArt/hero_mage_001_concept_sheet.txt | E12: 3323 | F12: 466 | G12: 3ba937cbf3ed75073eb6f889e9a0a7d90c6f00920e63df776d07333e12739994
A13: a80d0aa304ce | B13: Character | C13: Concept | D13: Prompts/Characters/ConceptArt/hero_paladin_001_concept_sheet.txt | E13: 3367 | F13: 466 | G13: 624c0288182c098798eb4c2893bd807062bfd7a80a50ad9cad18522847bfc4a4
... A786: 82ceee63cdfd | B786: EnvironmentStation | C786: Texture | D786: Prompts/EnvironmentStations/Texture/station_tailor_t09_001_texture.txt | E786: 1506 | F786: 199 | G786: 42ae58555c3d094e1f65665c307fae51c1b2aead659df0bf1233a8ed2f2ee0a6

Sheet QA Checklist
A1: applies_to | B1: area | C1: check | D1: severity
A2: All | B2: Identity | C2: Asset ID and filename match manifest | D2: Critical
A3: All | B3: Style | C3: Matches approved Stylized Heroic Fantasy | D3: Critical
A4: All | B4: Silhouette | C4: Readable at mobile gameplay distance | D4: Critical
A5: All | B5: Scale/Pivot | C5: Correct scale, +Z front, Y-up and pivot | D5: Critical
A6: All | B6: Geometry | C6: No accidental fusion, fragments or hidden shells | D6: Critical
A7: All | B7: Topology | C7: Target polycount and usable topology | D7: Critical
A8: All | B8: Texture | C8: No severe seams, text or baked background | D8: Critical
A9: Character | B9: Rig | C9: Rig and sockets validate | D9: Critical
A10: Environment | B10: Grid | C10: Structural module snaps to 4 m grid | D10: Critical
A11: All | B11: Unity | C11: Prefab, collider and LOD tested in scene | D11: Critical

Sheet Rejection Reasons
A1: reason_code | B1: description
A2: STYLE_DRIFT | B2: Style or faction mismatch
A3: SILHOUETTE_WEAK | B3: Unreadable silhouette
A4: ANATOMY_ERROR | B4: Anatomy or limb error
A5: PROP_FUSED | B5: Separate prop fused to body
A6: POLYCOUNT_HIGH | B6: Exceeds budget
A7: TOPOLOGY_BAD | B7: Unsuitable topology
A8: UV_TEXTURE_ERROR | B8: UV or texture artifact
A9: SCALE_PIVOT_ERROR | B9: Scale, orientation or pivot error
A10: GRID_SNAP_ERROR | B10: Modular grid failure
A11: BAKED_VFX | B11: VFX baked into model
A12: RIG_FAIL | B12: Rig validation failed
... A14: OTHER | B14: Describe in notes

Sheet Dashboard
A1: IDLE MEDIEVAL LEGENDS — MESHY OPERATIONS DASHBOARD
A4: KPI | B4: Valor | D4: Status | E4: Assets
A5: Assets | B5: =COUNTA('Asset Queue'!A2:A260) -> 259 | D5: Not Started | E5: =COUNTIF('Asset Queue'!AA2:AA260,D5) -> 259
A6: Prompts | B6: =COUNTA('Prompt Manifest'!A2:A786) -> 785 | D6: Concept | E6: =COUNTIF('Asset Queue'!AA2:AA260,D6) -> 0
A7: Créditos planejados | B7: =SUM('Asset Queue'!AC2:AC260) -> 14945 | D7: Generating | E7: =COUNTIF('Asset Queue'!AA2:AA260,D7) -> 0
A8: Créditos consumidos | B8: =SUM('Asset Queue'!AD2:AD260) -> 0 | D8: Post-processing | E8: =COUNTIF('Asset Queue'!AA2:AA260,D8) -> 0
A9: Assets aprovados | B9: =COUNTIF('Asset Queue'!AB2:AB260,"Approved") -> 0 | D9: Unity QA | E9: =COUNTIF('Asset Queue'!AA2:AA260,D9) -> 0
A10: Taxa de aprovação | B10: =IFERROR(B9/B5,0) -> 0 | D10: Approved | E10: =COUNTIF('Asset Queue'!AA2:AA260,D10) -> 0
A11: Tentativas | B11: =COUNTA('Attempt Log'!A2:A101) -> 0 | D11: Blocked | E11: =COUNTIF('Asset Queue'!AA2:AA260,D11) -> 0
A12: Créditos por aprovado | B12: =IFERROR(B8/B9,0) -> 0
